{
  "comment": "Do not edit this file, use utils/roll_browser.js",
  "browsers": [
    {
      "name": "chromium",
      "revision": "930007",
      "installByDefault": true
    },
    {
      "name": "chromium-with-symbols",
      "revision": "930007",
      "installByDefault": false
    },
    {
      "name": "firefox",
      "revision": "1297",
      "installByDefault": true
    },
    {
      "name": "firefox-beta",
      "revision": "1293",
      "installByDefault": false
    },
    {
      "name": "webkit",
      "revision": "1564",
      "installByDefault": true,
      "revisionOverrides": {
        "mac10.14": "1446"
      }
    },
    {
      "name": "ffmpeg",
      "revision": "1006",
      "installByDefault": true
    }
  ]
}
